Puerto Rico,Vega Baja,Mostly Cloudy,87°80°,85°FC,2019-09-22 09:45:10.853143,https://www.yahoo.com/news/weather
Puerto Rico,Vega Baja,Mostly Cloudy,87°80°,85°FC,2019-09-22 09:45:33.507888,https://www.yahoo.com/news/weather
Puerto Rico,Vega Baja,Mostly Cloudy,87°80°,85°FC,2019-09-22 09:46:05.038310,https://www.yahoo.com/news/weather
Puerto Rico,Vega Baja,Mostly Cloudy,87°80°,85°FC,2019-09-22 09:46:37.399634,https://www.yahoo.com/news/weather
Puerto Rico,Vega Baja,Mostly Cloudy,87°80°,85°FC,2019-09-22 09:47:10.261017,https://www.yahoo.com/news/weather
Puerto Rico,Vega Baja,Mostly Cloudy,87°80°,85°FC,2019-09-22 09:47:41.736756,https://www.yahoo.com/news/weather
Puerto Rico,Vega Baja,Mostly Cloudy,87°80°,85°FC,2019-09-22 09:48:13.011547,https://www.yahoo.com/news/weather
Puerto Rico,Vega Baja,Mostly Cloudy,87°80°,85°FC,2019-09-22 09:48:44.438047,https://www.yahoo.com/news/weather
Puerto Rico,Vega Baja,Mostly Cloudy,87°80°,85°FC,2019-09-22 09:49:16.753977,https://www.yahoo.com/news/weather
Puerto Rico,Vega Baja,Mostly Cloudy,87°80°,85°FC,2019-09-22 09:49:48.395491,https://www.yahoo.com/news/weather
Puerto Rico,Vega Baja,Mostly Cloudy,87°80°,85°FC,2019-09-22 09:50:19.663577,https://www.yahoo.com/news/weather
Puerto Rico,Vega Baja,Mostly Cloudy,87°80°,85°FC,2019-09-22 09:50:50.992331,https://www.yahoo.com/news/weather
Puerto Rico,Vega Baja,Mostly Cloudy,87°80°,85°FC,2019-09-22 09:51:22.390790,https://www.yahoo.com/news/weather
Puerto Rico,Vega Baja,Mostly Cloudy,87°80°,85°FC,2019-09-22 09:51:54.485984,https://www.yahoo.com/news/weather
Puerto Rico,Vega Baja,Mostly Cloudy,87°80°,85°FC,2019-09-22 09:52:25.973530,https://www.yahoo.com/news/weather
Puerto Rico,Vega Baja,Mostly Cloudy,87°80°,85°FC,2019-09-22 09:52:58.220595,https://www.yahoo.com/news/weather
Puerto Rico,Vega Baja,Mostly Cloudy,87°80°,85°FC,2019-09-22 09:53:29.580780,https://www.yahoo.com/news/weather
Puerto Rico,Vega Baja,Mostly Cloudy,87°80°,85°FC,2019-09-22 09:58:15.527457,https://www.yahoo.com/news/weather
